{"cameraMode":{"drawMode":0,"name":"Shaded","section":"Shading Mode"},"sceneLighting":true,"audioPlay":false,"sceneViewState":{"showFog":true,"showMaterialUpdate":false,"showSkybox":true,"showFlares":true,"showImageEffects":true,"showParticleSystems":true},"in2DMode":false,"pivot":{"x":1.6621254682540894,"y":-1.9641597270965577,"z":0.6657075881958008},"rotation":{"x":-0.025772511959075929,"y":0.0515579879283905,"z":-0.0013334921095520259,"w":-0.998345136642456},"size":3.8522675037384035,"orthographic":false}