{"cameraMode":{"drawMode":2,"name":"Shaded Wireframe","section":"Shading Mode"},"sceneLighting":true,"audioPlay":false,"sceneViewState":{"showFog":true,"showMaterialUpdate":false,"showSkybox":true,"showFlares":true,"showImageEffects":true,"showParticleSystems":true},"in2DMode":false,"pivot":{"x":-1.4556398391723633,"y":1.3907008171081544,"z":0.6499238014221191},"rotation":{"x":-0.03708944469690323,"y":-0.19304397702217103,"z":0.007301720790565014,"w":-0.9804724454879761},"size":3.999448537826538,"orthographic":false}